{"on": [0.004533529281616211, 0.0005908012390136719, 0.0005900859832763672, 0.0005855560302734375, 0.0005886554718017578, 0.0005860328674316406, 0.0005905628204345703, 0.0005917549133300781, 0.0005903244018554688, 0.0016744136810302734, 0.0016753673553466797, 0.0016758441925048828, 0.0016748905181884766, 0.0016722679138183594, 0.0016748905181884766, 0.0016727447509765625, 0.0016701221466064453, 0.0005908012390136719, 0.0005893707275390625, 0.0016760826110839844, 0.0016760826110839844, 0.0005910396575927734, 0.0005898475646972656, 0.0005867481231689453, 0.0005891323089599609, 0.0016739368438720703, 0.0016751289367675781, 0.0005872249603271484, 0.0005917549133300781, 0.00167083740234375, 0.0016748905181884766, 0.0016739368438720703, 0.0016741752624511719, 0.0397496223449707, 0.0022563934326171875], "off": [0.004538059234619141, 0.0005958080291748047, 0.0005950927734375, 0.0005962848663330078, 0.0005936622619628906, 0.0006077289581298828, 0.0005927085876464844, 0.0005941390991210938, 0.0005993843078613281, 0.0016798973083496094, 0.0016813278198242188, 0.0016787052154541016, 0.0016827583312988281, 0.0016794204711914062, 0.001678466796875, 0.0017342567443847656, 0.0017325878143310547, 0.0006003379821777344, 0.0016813278198242188, 0.0017325878143310547, 0.0005922317504882812, 0.0017347335815429688, 0.0005946159362792969, 0.0005934238433837891, 0.0005965232849121094, 0.0016770362854003906, 0.0006475448608398438, 0.0005941390991210938, 0.0016808509826660156, 0.0005979537963867188, 0.0016832351684570312, 0.0016851425170898438, 0.0016837120056152344, 0.03975057601928711, 0.002260923385620117], "plus": [0.004533290863037109, 0.0005898475646972656, 0.0005934238433837891, 0.0005893707275390625, 0.0005898475646972656, 0.0005915164947509766, 0.0005817413330078125, 0.0005922317504882812, 0.0005898475646972656, 0.001676321029663086, 0.001674652099609375, 0.001680135726928711, 0.0016798973083496094, 0.001676797866821289, 0.0016760826110839844, 0.0016791820526123047, 0.0016825199127197266, 0.0016758441925048828, 0.0005884170532226562, 0.0005919933319091797, 0.0016787052154541016, 0.00058746337890625, 0.0005900859832763672, 0.0005891323089599609, 0.0005919933319091797, 0.0005922317504882812, 0.0016734600067138672, 0.0016727447509765625, 0.0005893707275390625, 0.001676321029663086, 0.0016772747039794922, 0.0016741752624511719, 0.0016756057739257812, 0.039743661880493164, 0.002259492874145508], "minus": [0.004537343978881836, 0.0006504058837890625, 0.0006494522094726562, 0.0006508827209472656, 0.0006468296051025391, 0.0006477832794189453, 0.0006010532379150391, 0.0005972385406494141, 0.0005950927734375, 0.0016846656799316406, 0.0017330646514892578, 0.0017359256744384766, 0.001737356185913086, 0.0017352104187011719, 0.0017354488372802734, 0.0016810894012451172, 0.0017330646514892578, 0.0017256736755371094, 0.0005981922149658203, 0.0016832351684570312, 0.000598907470703125, 0.001683950424194336, 0.0006499290466308594, 0.000652313232421875, 0.0006501674652099609, 0.0005993843078613281, 0.0016808509826660156, 0.0006511211395263672, 0.0016827583312988281, 0.0005960464477539062, 0.0016815662384033203, 0.0017354488372802734, 0.0016829967498779297, 0.03981280326843262, 0.002261638641357422], "power": [0.00453639030456543, 0.0005967617034912109, 0.0005934238433837891, 0.00064849853515625, 0.0005931854248046875, 0.0005950927734375, 0.0005953311920166016, 0.0005946159362792969, 0.0006620883941650391, 0.0016787052154541016, 0.0016820430755615234, 0.0016770362854003906, 0.0016779899597167969, 0.0016829967498779297, 0.001680612564086914, 0.0016825199127197266, 0.0016820430755615234, 0.0016841888427734375, 0.0005929470062255859, 0.001680612564086914, 0.0005986690521240234, 0.0005934238433837891, 0.0005934238433837891, 0.0016751289367675781, 0.0005948543548583984, 0.0005936622619628906, 0.0016796588897705078, 0.0005970001220703125, 0.0017313957214355469, 0.0016810894012451172, 0.0016810894012451172, 0.0005936622619628906, 0.0016787052154541016, 0.03975224494934082, 0.002262592315673828]}