{"1": [0.004607200622558594, 0.0006215572357177734, 0.0006504058837890625, 0.0006496906280517578, 0.0006501674652099609, 0.0006506443023681641, 0.0006492137908935547, 0.0006501674652099609, 0.0006494522094726562, 0.0017392635345458984, 0.0017380714416503906, 0.0017371177673339844, 0.0017390251159667969, 0.0017399787902832031, 0.0017385482788085938, 0.0017421245574951172, 0.001739501953125, 0.0006482601165771484, 0.0006494522094726562, 0.0017375946044921875, 0.0017371177673339844, 0.0006432533264160156, 0.00064849853515625, 0.0006532669067382812, 0.0006480216979980469, 0.0017387866973876953, 0.0017387866973876953, 0.0006489753723144531, 0.000652313232421875, 0.0017364025115966797, 0.0017135143280029297, 0.0017375946044921875, 0.0017361640930175781, 0.03990435600280762, 0.0023221969604492188], "0": [0.00457763671875, 0.0006206035614013672, 0.0006511211395263672, 0.0006506443023681641, 0.0006220340728759766, 0.0006480216979980469, 0.0006501674652099609, 0.0006492137908935547, 0.0006208419799804688, 0.0017397403717041016, 0.0017402172088623047, 0.0017354488372802734, 0.0017104148864746094, 0.0017347335815429688, 0.0017125606536865234, 0.0017118453979492188, 0.001739501953125, 0.0006492137908935547, 0.0017375946044921875, 0.001739501953125, 0.0006518363952636719, 0.0017349720001220703, 0.0006501674652099609, 0.0006504058837890625, 0.0006513595581054688, 0.0017094612121582031, 0.000652313232421875, 0.0006463527679443359, 0.001735687255859375, 0.0006518363952636719, 0.001735687255859375, 0.0017342567443847656, 0.0017385482788085938, 0.039901018142700195, 0.0023195743560791016], "p": [0.004606485366821289, 0.0006494522094726562, 0.0006494522094726562, 0.0006487369537353516, 0.0006477832794189453, 0.0006499290466308594, 0.0006449222564697266, 0.0006511211395263672, 0.0006456375122070312, 0.0017387866973876953, 0.0017330646514892578, 0.0017352104187011719, 0.0017328262329101562, 0.0017330646514892578, 0.001739501953125, 0.0017359256744384766, 0.001729726791381836, 0.001735687255859375, 0.0006432533264160156, 0.0017316341400146484, 0.0006422996520996094, 0.000652313232421875, 0.0006425380706787109, 0.0017316341400146484, 0.0006515979766845703, 0.0006499290466308594, 0.0017321109771728516, 0.0006501674652099609, 0.0017349720001220703, 0.0017352104187011719, 0.0017304420471191406, 0.0006425380706787109, 0.0017397403717041016, 0.039899349212646484, 0.002290010452270508]}