{"r": [0.0045490264892578125, 0.0005943775177001953, 0.0005939006805419922, 0.0005972385406494141, 0.000560760498046875, 0.0005927085876464844, 0.0005924701690673828, 0.0005953311920166016, 0.0005910396575927734, 0.001653432846069336, 0.0016520023345947266, 0.00168609619140625, 0.0016858577728271484, 0.0016853809356689453, 0.0016908645629882812, 0.0016868114471435547, 0.0016875267028808594, 0.001649618148803711, 0.0016796588897705078, 0.0005924701690673828, 0.0005993843078613281, 0.0005614757537841797, 0.0005707740783691406, 0.0016825199127197266, 0.0005855560302734375, 0.0005817413330078125, 0.0005643367767333984, 0.0016791820526123047, 0.0016875267028808594, 0.0016870498657226562, 0.0016863346099853516, 0.0005953311920166016, 0.0016808509826660156, 0.039803266525268555, 0.002227783203125], "2": [0.004532814025878906, 0.0006077289581298828, 0.0006406307220458984, 0.0005500316619873047, 0.0005900859832763672, 0.0005896091461181641, 0.0006334781646728516, 0.0005850791931152344, 0.0007257461547851562, 0.0017442703247070312, 0.0016732215881347656, 0.0017020702362060547, 0.0016460418701171875, 0.0016503334045410156, 0.0016794204711914062, 0.00167083740234375, 0.0017020702362060547, 0.0017015933990478516, 0.0006322860717773438, 0.0006039142608642578, 0.0017430782318115234, 0.0018186569213867188, 0.0006067752838134766, 0.0005879402160644531, 0.0006349086761474609, 0.0006537437438964844, 0.001745462417602539, 0.001743316650390625, 0.0005629062652587891, 0.0006577968597412109, 0.0017707347869873047, 0.001697540283203125, 0.001739501953125, 0.03986787796020508, 0.002283334732055664], "7": [0.004537343978881836, 0.0006053447723388672, 0.0007121562957763672, 0.0006563663482666016, 0.000614166259765625, 0.0005903244018554688, 0.0007078647613525391, 0.0006527900695800781, 0.0006089210510253906, 0.0016968250274658203, 0.0016791820526123047, 0.0016782283782958984, 0.0016744136810302734, 0.001725912094116211, 0.0016963481903076172, 0.0016973018646240234, 0.0017695426940917969, 0.000797271728515625, 0.0006532669067382812, 0.0006687641143798828, 0.0016741752624511719, 0.0006282329559326172, 0.0006375312805175781, 0.0006530284881591797, 0.0005877017974853516, 0.0016782283782958984, 0.0016481876373291016, 0.001641988754272461, 0.0006570816040039062, 0.0017347335815429688, 0.001744985580444336, 0.0016617774963378906, 0.0017800331115722656, 0.039864301681518555, 0.0022783279418945312], "#": [0.004518747329711914, 0.0005936622619628906, 0.0005612373352050781, 0.0005981922149658203, 0.0005922317504882812, 0.0005795955657958984, 0.0005650520324707031, 0.0005953311920166016, 0.0005953311920166016, 0.001680135726928711, 0.0016815662384033203, 0.0016818046569824219, 0.0016851425170898438, 0.0016813278198242188, 0.001683950424194336, 0.001687765121459961, 0.0016827583312988281, 0.0005936622619628906, 0.0016820430755615234, 0.0005993843078613281, 0.0016841888427734375, 0.0005393028259277344, 0.0005984306335449219, 0.0016846656799316406, 0.0005950927734375, 0.0016813278198242188, 0.0005550384521484375, 0.0016832351684570312, 0.0005931854248046875, 0.0016820430755615234, 0.001678466796875, 0.0005993843078613281, 0.0016489028930664062, 0.03974485397338867, 0.002233743667602539, 0.09682369232177734, 0.0022661685943603516], "*": [0.004522800445556641, 0.0005795955657958984, 0.0006513595581054688, 0.0005974769592285156, 0.0006263256072998047, 0.0005981922149658203, 0.0006012916564941406, 0.0006210803985595703, 0.000598907470703125, 0.0016851425170898438, 0.001729726791381836, 0.0016849040985107422, 0.0016865730285644531, 0.0016863346099853516, 0.0016865730285644531, 0.00168609619140625, 0.0016891956329345703, 0.0005960464477539062, 0.0016837120056152344, 0.0005745887756347656, 0.0005965232849121094, 0.0006000995635986328, 0.0005977153778076172, 0.001733541488647461, 0.0005702972412109375, 0.0016906261444091797, 0.0005953311920166016, 0.0016810894012451172, 0.0016825199127197266, 0.0016858577728271484, 0.0016868114471435547, 0.0005977153778076172, 0.001682281494140625, 0.03976845741271973, 0.0022516250610351562], "1": [0.004700899124145508, 0.0006132125854492188, 0.0005865097045898438, 0.0006377696990966797, 0.0006573200225830078, 0.0006163120269775391, 0.0006554126739501953, 0.0007538795471191406, 0.0006082057952880859, 0.0016741752624511719, 0.0017218589782714844, 0.001695871353149414, 0.0017719268798828125, 0.0017538070678710938, 0.0016698837280273438, 0.001672506332397461, 0.0016942024230957031, 0.0007357597351074219, 0.0017306804656982422, 0.0018031597137451172, 0.0007231235504150391, 0.0016901493072509766, 0.0005886554718017578, 0.0006132125854492188, 0.0007505416870117188, 0.0016672611236572266, 0.0005867481231689453, 0.0006334781646728516, 0.0016980171203613281, 0.0006995201110839844, 0.0017940998077392578, 0.0018813610076904297, 0.0018508434295654297, 0.03978753089904785, 0.0023241043090820312], ".": [0.004521846771240234, 0.0005958080291748047, 0.0005810260772705078, 0.0005972385406494141, 0.0005671977996826172, 0.0006263256072998047, 0.0006041526794433594, 0.0005972385406494141, 0.0005967617034912109, 0.0016908645629882812, 0.0017178058624267578, 0.0016911029815673828, 0.0017175674438476562, 0.001711130142211914, 0.0016856193542480469, 0.0016837120056152344, 0.0016846656799316406, 0.0005991458892822266, 0.0016894340515136719, 0.0005977153778076172, 0.0005962848663330078, 0.0016889572143554688, 0.0006268024444580078, 0.0016829967498779297, 0.0005984306335449219, 0.0016889572143554688, 0.0005705356597900391, 0.0016841888427734375, 0.0016596317291259766, 0.0006000995635986328, 0.0017206668853759766, 0.0005979537963867188, 0.0016856193542480469, 0.03980565071105957, 0.00225067138671875], "d": [0.00452423095703125, 0.0005614757537841797, 0.0005812644958496094, 0.0005636215209960938, 0.0005984306335449219, 0.0005967617034912109, 0.0005950927734375, 0.0005958080291748047, 0.0005934238433837891, 0.001683950424194336, 0.0016891956329345703, 0.0016922950744628906, 0.0016887187957763672, 0.0016911029815673828, 0.0016918182373046875, 0.0016827583312988281, 0.0016934871673583984, 0.0016672611236572266, 0.0005931854248046875, 0.0016818046569824219, 0.0005784034729003906, 0.0016388893127441406, 0.0005691051483154297, 0.0005965232849121094, 0.0005948543548583984, 0.0005986690521240234, 0.0016701221466064453, 0.0005950927734375, 0.0016818046569824219, 0.0005717277526855469, 0.0016872882843017578, 0.0016880035400390625, 0.001722574234008789, 0.03979301452636719, 0.0022504329681396484], "u": [0.0046002864837646484, 0.0006825923919677734, 0.0007586479187011719, 0.0005815029144287109, 0.0005750656127929688, 0.0005540847778320312, 0.0006520748138427734, 0.000579833984375, 0.0005817413330078125, 0.001697540283203125, 0.0017023086547851562, 0.0018901824951171875, 0.0016701221466064453, 0.0017209053039550781, 0.001680135726928711, 0.001641988754272461, 0.0017445087432861328, 0.0006546974182128906, 0.001791238784790039, 0.00177001953125, 0.0006394386291503906, 0.0005829334259033203, 0.0005834102630615234, 0.0016617774963378906, 0.0005862712860107422, 0.0016982555389404297, 0.0006735324859619141, 0.0005991458892822266, 0.0016674995422363281, 0.0016674995422363281, 0.0017426013946533203, 0.0005838871002197266, 0.0016717910766601562, 0.039804697036743164, 0.0022509098052978516, 0.09685659408569336, 0.002242565155029297],