{"off": [0.004529714584350586, 0.0005962848663330078, 0.0005953311920166016, 0.0005955696105957031, 0.0005943775177001953, 0.0005960464477539062, 0.0005953311920166016, 0.0005943775177001953, 0.0005953311920166016, 0.0016696453094482422, 0.0016694068908691406, 0.0016694068908691406, 0.0016682147979736328, 0.0016696453094482422, 0.0016698837280273438, 0.001667022705078125, 0.0016667842864990234, 0.0005950927734375, 0.001668691635131836, 0.0016698837280273438, 0.0005946159362792969, 0.0016644001007080078, 0.0005941390991210938, 0.0005934238433837891, 0.0005984306335449219, 0.0016698837280273438, 0.0005955696105957031, 0.0005936622619628906, 0.0016679763793945312, 0.0005950927734375, 0.0016679763793945312, 0.001668691635131836, 0.0016679763793945312, 0.03982090950012207, 0.0022513866424560547], "power": [0.004602670669555664, 0.0006654262542724609, 0.0006501674652099609, 0.0006525516510009766, 0.0006477832794189453, 0.0006649494171142578, 0.0006501674652099609, 0.0006492137908935547, 0.0006494522094726562, 0.001737356185913086, 0.0017368793487548828, 0.0017368793487548828, 0.001739501953125, 0.0017387866973876953, 0.0017387866973876953, 0.0017397403717041016, 0.001737356185913086, 0.001737833023071289, 0.0006508827209472656, 0.0017347335815429688, 0.0006639957427978516, 0.0006685256958007812, 0.0006492137908935547, 0.0017397403717041016, 0.0006501674652099609, 0.0006651878356933594, 0.0017368793487548828, 0.0006644725799560547, 0.0017383098602294922, 0.001737833023071289, 0.0017383098602294922, 0.0006494522094726562, 0.001737356185913086, 0.03989362716674805, 0.0023212432861328125], "on": [0.004604339599609375, 0.0006532669067382812, 0.00064849853515625, 0.0006651878356933594, 0.0006656646728515625, 0.0006654262542724609, 0.0006663799285888672, 0.0006659030914306641, 0.0006518363952636719, 0.0017366409301757812, 0.0017399787902832031, 0.0017409324645996094, 0.0017366409301757812, 0.0017404556274414062, 0.0017404556274414062, 0.0017399787902832031, 0.0017380714416503906, 0.0006475448608398438, 0.0006527900695800781, 0.0017361640930175781, 0.0017361640930175781, 0.000652313232421875, 0.0006504058837890625, 0.0006477832794189453, 0.0006515979766845703, 0.0017361640930175781, 0.0017399787902832031, 0.0006515979766845703, 0.0005977153778076172, 0.0017366409301757812, 0.001682281494140625, 0.0016865730285644531, 0.0016872882843017578, 0.039899349212646484, 0.002262592315673828]}